email,nombre,apellido,codigo
aduncan0@bbb.org,Ariel,Duncan,1
tbotley1@surveymonkey.com,Teodoor,Botley,3
schelnam2@drupal.org,Selestina,Chelnam,1
hdavydoch3@state.tx.us,Heath,Davydoch,2
gcoleson4@cnet.com,Gabbi,Coleson,2
erosewarne5@fc2.com,Emery,Rosewarne,1
dradki6@google.cn,Davie,Radki,3
kgagin7@devhub.com,Klement,Gagin,3
acanelas8@columbia.edu,Avigdor,Canelas,2
hclelle9@boston.com,Homere,Clelle,2
oredmilea@feedburner.com,Orson,Redmile,2
mretallickb@friendfeed.com,Malissa,Retallick,2
asussamsc@craigslist.org,Adriane,Sussams,1
mtippelld@mtv.com,Mirella,Tippell,3
aferribye@nymag.com,Adriane,Ferriby,2
jcerrof@ezinearticles.com,Jenna,Cerro,3
ostookesg@jalbum.net,Osmund,Stookes,1
srawnsleyh@craigslist.org,Sherm,Rawnsley,2
lduferiei@behance.net,Lonee,Duferie,3
emathiesonj@fc2.com,Elisabeth,Mathieson,2
gboagk@businessweek.com,Guthrey,Boag,3
eturnockl@topsy.com,Eziechiele,Turnock,3
zmacrom@samsung.com,Zerk,Macro,1
eshillann@sciencedirect.com,Elliott,Shillan,3
njesticoo@weebly.com,Nerta,Jestico,3
adunderdalep@tamu.edu,Alex,Dunderdale,3
jiresonq@google.fr,Julienne,Ireson,2
denricor@hibu.com,Druci,Enrico,2
sbertelets@vk.com,Sarge,Bertelet,3
cconnochiet@ibm.com,Cindee,Connochie,1
